name	alleles	gene	chrom	num_variants	starts	ends	chrom_hgvs_names	rsids	types
*1	A,C,A,A,C,G,A,T,G,G,T,A,G,G,C,C,G,T,C,A,G,C,T,C,C,T,C,A,C,T,G,A,C,G	CYP2B6	chr19	35	40991223,40991366,40991368,40991380,40991387,40991389,40991390,40991440,41004014,41004124,41004157,41004302,41004376,41004380,41004405,41006918,41006922,41006935,41007012,41009349,41009357,41010005,41010087,41012315,41012338,41012464,41012692,41012802,41016725,41016809,41006967,41016777,41016804,41010107,41012739	40991224,40991367,40991369,40991381,40991388,40991390,40991391,40991441,41004015,41004125,41004158,41004303,41004377,41004381,41004406,41006919,41006923,41006936,41007013,41009350,41009358,41010006,41010088,41012316,41012339,41012465,41012693,41012803,41016726,41016810,41006968,41016778,41016805,41010108,41012740	g.40991224T>C,g.40991367A>T,g.40991369C>T,g.40991381A>T,g.40991388A>G,g.40991390C>A/T,g.40991391G>C,g.40991441A>G,g.41004015T>A,g.41004125G>A,g.41004158G>T,g.41004303T>C,g.41004377A>G,g.41004381G>A,g.41004406G>A/C/T,g.41006919C>G,g.41006923C>T,g.41006936G>T,g.41007013T>C,g.41009350C>A,g.41009358A>G,g.41010006G>T/A/C,g.41010088C>G/T,g.41012316T>C,g.41012339C>T,g.41012465C>T,g.41012693T>A,g.41012803C>A,g.41016726A>G,g.41016810C>A;g.41016810C>T,g.41006968T>G,g.41016778G>A,g.41016805A>T,g.41010108C>A,g.41012740G>A	rs34223104,rs34883432,rs8192709,rs33973337,rs33980385,rs33926104,rs34284776,rs35303484,rs281864907,rs36060847,rs186335453,rs139801276,rs12721655,rs35773040,rs145884402,rs3826711,rs36056539,rs3745274,rs36079186,rs45482602,rs2279343,rs139029625,rs34698757,rs28399499,rs34826503,rs34097093,rs35979566,rs35010098,rs3211369,rs3211371,,,,rs193922917,rs193922918	SNP,SNP,SNP,SNP,SNP,SNP,SNP,SNP,SNP,SNP,SNP,SNP,SNP,SNP,SNP,SNP,SNP,SNP,SNP,SNP,SNP,SNP,SNP,SNP,SNP,SNP,SNP,SNP,SNP,SNP,SNP,SNP,SNP,SNP,SNP
*2	A,T,A,A,C,G,A,T,G,G,T,A,G,G,C,C,G,T,C,A,G,C,T,C,C,T,C,A,C,T,G,A,C,G	CYP2B6	chr19	35	40991223,40991366,40991368,40991380,40991387,40991389,40991390,40991440,41004014,41004124,41004157,41004302,41004376,41004380,41004405,41006918,41006922,41006935,41007012,41009349,41009357,41010005,41010087,41012315,41012338,41012464,41012692,41012802,41016725,41016809,41006967,41016777,41016804,41010107,41012739	40991224,40991367,40991369,40991381,40991388,40991390,40991391,40991441,41004015,41004125,41004158,41004303,41004377,41004381,41004406,41006919,41006923,41006936,41007013,41009350,41009358,41010006,41010088,41012316,41012339,41012465,41012693,41012803,41016726,41016810,41006968,41016778,41016805,41010108,41012740	g.40991224T>C,g.40991367A>T,g.40991369C>T,g.40991381A>T,g.40991388A>G,g.40991390C>A/T,g.40991391G>C,g.40991441A>G,g.41004015T>A,g.41004125G>A,g.41004158G>T,g.41004303T>C,g.41004377A>G,g.41004381G>A,g.41004406G>A/C/T,g.41006919C>G,g.41006923C>T,g.41006936G>T,g.41007013T>C,g.41009350C>A,g.41009358A>G,g.41010006G>T/A/C,g.41010088C>G/T,g.41012316T>C,g.41012339C>T,g.41012465C>T,g.41012693T>A,g.41012803C>A,g.41016726A>G,g.41016810C>A;g.41016810C>T,g.41006968T>G,g.41016778G>A,g.41016805A>T,g.41010108C>A,g.41012740G>A	rs34223104,rs34883432,rs8192709,rs33973337,rs33980385,rs33926104,rs34284776,rs35303484,rs281864907,rs36060847,rs186335453,rs139801276,rs12721655,rs35773040,rs145884402,rs3826711,rs36056539,rs3745274,rs36079186,rs45482602,rs2279343,rs139029625,rs34698757,rs28399499,rs34826503,rs34097093,rs35979566,rs35010098,rs3211369,rs3211371,,,,rs193922917,rs193922918	SNP,SNP,SNP,SNP,SNP,SNP,SNP,SNP,SNP,SNP,SNP,SNP,SNP,SNP,SNP,SNP,SNP,SNP,SNP,SNP,SNP,SNP,SNP,SNP,SNP,SNP,SNP,SNP,SNP,SNP,SNP,SNP,SNP,SNP,SNP
*3	A,C,A,A,C,G,A,T,G,G,T,A,G,G,C,C,G,T,A,A,G,C,T,C,C,T,C,A,C,T,G,A,C,G	CYP2B6	chr19	35	40991223,40991366,40991368,40991380,40991387,40991389,40991390,40991440,41004014,41004124,41004157,41004302,41004376,41004380,41004405,41006918,41006922,41006935,41007012,41009349,41009357,41010005,41010087,41012315,41012338,41012464,41012692,41012802,41016725,41016809,41006967,41016777,41016804,41010107,41012739	40991224,40991367,40991369,40991381,40991388,40991390,40991391,40991441,41004015,41004125,41004158,41004303,41004377,41004381,41004406,41006919,41006923,41006936,41007013,41009350,41009358,41010006,41010088,41012316,41012339,41012465,41012693,41012803,41016726,41016810,41006968,41016778,41016805,41010108,41012740	g.40991224T>C,g.40991367A>T,g.40991369C>T,g.40991381A>T,g.40991388A>G,g.40991390C>A/T,g.40991391G>C,g.40991441A>G,g.41004015T>A,g.41004125G>A,g.41004158G>T,g.41004303T>C,g.41004377A>G,g.41004381G>A,g.41004406G>A/C/T,g.41006919C>G,g.41006923C>T,g.41006936G>T,g.41007013T>C,g.41009350C>A,g.41009358A>G,g.41010006G>T/A/C,g.41010088C>G/T,g.41012316T>C,g.41012339C>T,g.41012465C>T,g.41012693T>A,g.41012803C>A,g.41016726A>G,g.41016810C>A;g.41016810C>T,g.41006968T>G,g.41016778G>A,g.41016805A>T,g.41010108C>A,g.41012740G>A	rs34223104,rs34883432,rs8192709,rs33973337,rs33980385,rs33926104,rs34284776,rs35303484,rs281864907,rs36060847,rs186335453,rs139801276,rs12721655,rs35773040,rs145884402,rs3826711,rs36056539,rs3745274,rs36079186,rs45482602,rs2279343,rs139029625,rs34698757,rs28399499,rs34826503,rs34097093,rs35979566,rs35010098,rs3211369,rs3211371,,,,rs193922917,rs193922918	SNP,SNP,SNP,SNP,SNP,SNP,SNP,SNP,SNP,SNP,SNP,SNP,SNP,SNP,SNP,SNP,SNP,SNP,SNP,SNP,SNP,SNP,SNP,SNP,SNP,SNP,SNP,SNP,SNP,SNP,SNP,SNP,SNP,SNP,SNP
*4	A,C,A,A,C,G,A,T,G,G,T,A,G,G,C,C,G,T,C,G,G,C,T,C,C,T,C,A,C,T,G,A,C,G	CYP2B6	chr19	35	40991223,40991366,40991368,40991380,40991387,40991389,40991390,40991440,41004014,41004124,41004157,41004302,41004376,41004380,41004405,41006918,41006922,41006935,41007012,41009349,41009357,41010005,41010087,41012315,41012338,41012464,41012692,41012802,41016725,41016809,41006967,41016777,41016804,41010107,41012739	40991224,40991367,40991369,40991381,40991388,40991390,40991391,40991441,41004015,41004125,41004158,41004303,41004377,41004381,41004406,41006919,41006923,41006936,41007013,41009350,41009358,41010006,41010088,41012316,41012339,41012465,41012693,41012803,41016726,41016810,41006968,41016778,41016805,41010108,41012740	g.40991224T>C,g.40991367A>T,g.40991369C>T,g.40991381A>T,g.40991388A>G,g.40991390C>A/T,g.40991391G>C,g.40991441A>G,g.41004015T>A,g.41004125G>A,g.41004158G>T,g.41004303T>C,g.41004377A>G,g.41004381G>A,g.41004406G>A/C/T,g.41006919C>G,g.41006923C>T,g.41006936G>T,g.41007013T>C,g.41009350C>A,g.41009358A>G,g.41010006G>T/A/C,g.41010088C>G/T,g.41012316T>C,g.41012339C>T,g.41012465C>T,g.41012693T>A,g.41012803C>A,g.41016726A>G,g.41016810C>A;g.41016810C>T,g.41006968T>G,g.41016778G>A,g.41016805A>T,g.41010108C>A,g.41012740G>A	rs34223104,rs34883432,rs8192709,rs33973337,rs33980385,rs33926104,rs34284776,rs35303484,rs281864907,rs36060847,rs186335453,rs139801276,rs12721655,rs35773040,rs145884402,rs3826711,rs36056539,rs3745274,rs36079186,rs45482602,rs2279343,rs139029625,rs34698757,rs28399499,rs34826503,rs34097093,rs35979566,rs35010098,rs3211369,rs3211371,,,,rs193922917,rs193922918	SNP,SNP,SNP,SNP,SNP,SNP,SNP,SNP,SNP,SNP,SNP,SNP,SNP,SNP,SNP,SNP,SNP,SNP,SNP,SNP,SNP,SNP,SNP,SNP,SNP,SNP,SNP,SNP,SNP,SNP,SNP,SNP,SNP,SNP,SNP
*5	A,C,A,A,C,G,A,T,G,G,T,A,G,G,C,C,G,T,C,A,G,C,T,C,C,T,C,A,T,T,G,A,C,G	CYP2B6	chr19	35	40991223,40991366,40991368,40991380,40991387,40991389,40991390,40991440,41004014,41004124,41004157,41004302,41004376,41004380,41004405,41006918,41006922,41006935,41007012,41009349,41009357,41010005,41010087,41012315,41012338,41012464,41012692,41012802,41016725,41016809,41006967,41016777,41016804,41010107,41012739	40991224,40991367,40991369,40991381,40991388,40991390,40991391,40991441,41004015,41004125,41004158,41004303,41004377,41004381,41004406,41006919,41006923,41006936,41007013,41009350,41009358,41010006,41010088,41012316,41012339,41012465,41012693,41012803,41016726,41016810,41006968,41016778,41016805,41010108,41012740	g.40991224T>C,g.40991367A>T,g.40991369C>T,g.40991381A>T,g.40991388A>G,g.40991390C>A/T,g.40991391G>C,g.40991441A>G,g.41004015T>A,g.41004125G>A,g.41004158G>T,g.41004303T>C,g.41004377A>G,g.41004381G>A,g.41004406G>A/C/T,g.41006919C>G,g.41006923C>T,g.41006936G>T,g.41007013T>C,g.41009350C>A,g.41009358A>G,g.41010006G>T/A/C,g.41010088C>G/T,g.41012316T>C,g.41012339C>T,g.41012465C>T,g.41012693T>A,g.41012803C>A,g.41016726A>G,g.41016810C>A;g.41016810C>T,g.41006968T>G,g.41016778G>A,g.41016805A>T,g.41010108C>A,g.41012740G>A	rs34223104,rs34883432,rs8192709,rs33973337,rs33980385,rs33926104,rs34284776,rs35303484,rs281864907,rs36060847,rs186335453,rs139801276,rs12721655,rs35773040,rs145884402,rs3826711,rs36056539,rs3745274,rs36079186,rs45482602,rs2279343,rs139029625,rs34698757,rs28399499,rs34826503,rs34097093,rs35979566,rs35010098,rs3211369,rs3211371,,,,rs193922917,rs193922918	SNP,SNP,SNP,SNP,SNP,SNP,SNP,SNP,SNP,SNP,SNP,SNP,SNP,SNP,SNP,SNP,SNP,SNP,SNP,SNP,SNP,SNP,SNP,SNP,SNP,SNP,SNP,SNP,SNP,SNP,SNP,SNP,SNP,SNP,SNP
*6	A,C,A,A,C,G,A,T,G,G,T,A,G,G,C,C,T,T,C,G,G,C,T,C,C,T,C,A,C,T,G,A,C,G	CYP2B6	chr19	35	40991223,40991366,40991368,40991380,40991387,40991389,40991390,40991440,41004014,41004124,41004157,41004302,41004376,41004380,41004405,41006918,41006922,41006935,41007012,41009349,41009357,41010005,41010087,41012315,41012338,41012464,41012692,41012802,41016725,41016809,41006967,41016777,41016804,41010107,41012739	40991224,40991367,40991369,40991381,40991388,40991390,40991391,40991441,41004015,41004125,41004158,41004303,41004377,41004381,41004406,41006919,41006923,41006936,41007013,41009350,41009358,41010006,41010088,41012316,41012339,41012465,41012693,41012803,41016726,41016810,41006968,41016778,41016805,41010108,41012740	g.40991224T>C,g.40991367A>T,g.40991369C>T,g.40991381A>T,g.40991388A>G,g.40991390C>A/T,g.40991391G>C,g.40991441A>G,g.41004015T>A,g.41004125G>A,g.41004158G>T,g.41004303T>C,g.41004377A>G,g.41004381G>A,g.41004406G>A/C/T,g.41006919C>G,g.41006923C>T,g.41006936G>T,g.41007013T>C,g.41009350C>A,g.41009358A>G,g.41010006G>T/A/C,g.41010088C>G/T,g.41012316T>C,g.41012339C>T,g.41012465C>T,g.41012693T>A,g.41012803C>A,g.41016726A>G,g.41016810C>A;g.41016810C>T,g.41006968T>G,g.41016778G>A,g.41016805A>T,g.41010108C>A,g.41012740G>A	rs34223104,rs34883432,rs8192709,rs33973337,rs33980385,rs33926104,rs34284776,rs35303484,rs281864907,rs36060847,rs186335453,rs139801276,rs12721655,rs35773040,rs145884402,rs3826711,rs36056539,rs3745274,rs36079186,rs45482602,rs2279343,rs139029625,rs34698757,rs28399499,rs34826503,rs34097093,rs35979566,rs35010098,rs3211369,rs3211371,,,,rs193922917,rs193922918	SNP,SNP,SNP,SNP,SNP,SNP,SNP,SNP,SNP,SNP,SNP,SNP,SNP,SNP,SNP,SNP,SNP,SNP,SNP,SNP,SNP,SNP,SNP,SNP,SNP,SNP,SNP,SNP,SNP,SNP,SNP,SNP,SNP,SNP,SNP
*7	A,C,A,A,C,G,A,T,G,G,T,A,G,G,C,C,T,T,C,G,G,C,T,C,C,T,C,A,T,T,G,A,C,G	CYP2B6	chr19	35	40991223,40991366,40991368,40991380,40991387,40991389,40991390,40991440,41004014,41004124,41004157,41004302,41004376,41004380,41004405,41006918,41006922,41006935,41007012,41009349,41009357,41010005,41010087,41012315,41012338,41012464,41012692,41012802,41016725,41016809,41006967,41016777,41016804,41010107,41012739	40991224,40991367,40991369,40991381,40991388,40991390,40991391,40991441,41004015,41004125,41004158,41004303,41004377,41004381,41004406,41006919,41006923,41006936,41007013,41009350,41009358,41010006,41010088,41012316,41012339,41012465,41012693,41012803,41016726,41016810,41006968,41016778,41016805,41010108,41012740	g.40991224T>C,g.40991367A>T,g.40991369C>T,g.40991381A>T,g.40991388A>G,g.40991390C>A/T,g.40991391G>C,g.40991441A>G,g.41004015T>A,g.41004125G>A,g.41004158G>T,g.41004303T>C,g.41004377A>G,g.41004381G>A,g.41004406G>A/C/T,g.41006919C>G,g.41006923C>T,g.41006936G>T,g.41007013T>C,g.41009350C>A,g.41009358A>G,g.41010006G>T/A/C,g.41010088C>G/T,g.41012316T>C,g.41012339C>T,g.41012465C>T,g.41012693T>A,g.41012803C>A,g.41016726A>G,g.41016810C>A;g.41016810C>T,g.41006968T>G,g.41016778G>A,g.41016805A>T,g.41010108C>A,g.41012740G>A	rs34223104,rs34883432,rs8192709,rs33973337,rs33980385,rs33926104,rs34284776,rs35303484,rs281864907,rs36060847,rs186335453,rs139801276,rs12721655,rs35773040,rs145884402,rs3826711,rs36056539,rs3745274,rs36079186,rs45482602,rs2279343,rs139029625,rs34698757,rs28399499,rs34826503,rs34097093,rs35979566,rs35010098,rs3211369,rs3211371,,,,rs193922917,rs193922918	SNP,SNP,SNP,SNP,SNP,SNP,SNP,SNP,SNP,SNP,SNP,SNP,SNP,SNP,SNP,SNP,SNP,SNP,SNP,SNP,SNP,SNP,SNP,SNP,SNP,SNP,SNP,SNP,SNP,SNP,SNP,SNP,SNP,SNP,SNP
*8	A,C,A,A,C,G,A,T,G,G,T,G,G,G,C,C,G,T,C,A,G,C,T,C,C,T,C,A,C,T,G,A,C,G	CYP2B6	chr19	35	40991223,40991366,40991368,40991380,40991387,40991389,40991390,40991440,41004014,41004124,41004157,41004302,41004376,41004380,41004405,41006918,41006922,41006935,41007012,41009349,41009357,41010005,41010087,41012315,41012338,41012464,41012692,41012802,41016725,41016809,41006967,41016777,41016804,41010107,41012739	40991224,40991367,40991369,40991381,40991388,40991390,40991391,40991441,41004015,41004125,41004158,41004303,41004377,41004381,41004406,41006919,41006923,41006936,41007013,41009350,41009358,41010006,41010088,41012316,41012339,41012465,41012693,41012803,41016726,41016810,41006968,41016778,41016805,41010108,41012740	g.40991224T>C,g.40991367A>T,g.40991369C>T,g.40991381A>T,g.40991388A>G,g.40991390C>A/T,g.40991391G>C,g.40991441A>G,g.41004015T>A,g.41004125G>A,g.41004158G>T,g.41004303T>C,g.41004377A>G,g.41004381G>A,g.41004406G>A/C/T,g.41006919C>G,g.41006923C>T,g.41006936G>T,g.41007013T>C,g.41009350C>A,g.41009358A>G,g.41010006G>T/A/C,g.41010088C>G/T,g.41012316T>C,g.41012339C>T,g.41012465C>T,g.41012693T>A,g.41012803C>A,g.41016726A>G,g.41016810C>A;g.41016810C>T,g.41006968T>G,g.41016778G>A,g.41016805A>T,g.41010108C>A,g.41012740G>A	rs34223104,rs34883432,rs8192709,rs33973337,rs33980385,rs33926104,rs34284776,rs35303484,rs281864907,rs36060847,rs186335453,rs139801276,rs12721655,rs35773040,rs145884402,rs3826711,rs36056539,rs3745274,rs36079186,rs45482602,rs2279343,rs139029625,rs34698757,rs28399499,rs34826503,rs34097093,rs35979566,rs35010098,rs3211369,rs3211371,,,,rs193922917,rs193922918	SNP,SNP,SNP,SNP,SNP,SNP,SNP,SNP,SNP,SNP,SNP,SNP,SNP,SNP,SNP,SNP,SNP,SNP,SNP,SNP,SNP,SNP,SNP,SNP,SNP,SNP,SNP,SNP,SNP,SNP,SNP,SNP,SNP,SNP,SNP
*9	A,C,A,A,C,G,A,T,G,G,T,A,G,G,C,C,T,T,C,A,G,C,T,C,C,T,C,A,C,T,G,A,C,G	CYP2B6	chr19	35	40991223,40991366,40991368,40991380,40991387,40991389,40991390,40991440,41004014,41004124,41004157,41004302,41004376,41004380,41004405,41006918,41006922,41006935,41007012,41009349,41009357,41010005,41010087,41012315,41012338,41012464,41012692,41012802,41016725,41016809,41006967,41016777,41016804,41010107,41012739	40991224,40991367,40991369,40991381,40991388,40991390,40991391,40991441,41004015,41004125,41004158,41004303,41004377,41004381,41004406,41006919,41006923,41006936,41007013,41009350,41009358,41010006,41010088,41012316,41012339,41012465,41012693,41012803,41016726,41016810,41006968,41016778,41016805,41010108,41012740	g.40991224T>C,g.40991367A>T,g.40991369C>T,g.40991381A>T,g.40991388A>G,g.40991390C>A/T,g.40991391G>C,g.40991441A>G,g.41004015T>A,g.41004125G>A,g.41004158G>T,g.41004303T>C,g.41004377A>G,g.41004381G>A,g.41004406G>A/C/T,g.41006919C>G,g.41006923C>T,g.41006936G>T,g.41007013T>C,g.41009350C>A,g.41009358A>G,g.41010006G>T/A/C,g.41010088C>G/T,g.41012316T>C,g.41012339C>T,g.41012465C>T,g.41012693T>A,g.41012803C>A,g.41016726A>G,g.41016810C>A;g.41016810C>T,g.41006968T>G,g.41016778G>A,g.41016805A>T,g.41010108C>A,g.41012740G>A	rs34223104,rs34883432,rs8192709,rs33973337,rs33980385,rs33926104,rs34284776,rs35303484,rs281864907,rs36060847,rs186335453,rs139801276,rs12721655,rs35773040,rs145884402,rs3826711,rs36056539,rs3745274,rs36079186,rs45482602,rs2279343,rs139029625,rs34698757,rs28399499,rs34826503,rs34097093,rs35979566,rs35010098,rs3211369,rs3211371,,,,rs193922917,rs193922918	SNP,SNP,SNP,SNP,SNP,SNP,SNP,SNP,SNP,SNP,SNP,SNP,SNP,SNP,SNP,SNP,SNP,SNP,SNP,SNP,SNP,SNP,SNP,SNP,SNP,SNP,SNP,SNP,SNP,SNP,SNP,SNP,SNP,SNP,SNP
*10	T,T,A,A,C,G,A,T,G,G,T,A,G,G,C,C,G,T,C,A,G,C,T,C,C,T,C,A,C,T,G,A,C,G	CYP2B6	chr19	35	40991223,40991366,40991368,40991380,40991387,40991389,40991390,40991440,41004014,41004124,41004157,41004302,41004376,41004380,41004405,41006918,41006922,41006935,41007012,41009349,41009357,41010005,41010087,41012315,41012338,41012464,41012692,41012802,41016725,41016809,41006967,41016777,41016804,41010107,41012739	40991224,40991367,40991369,40991381,40991388,40991390,40991391,40991441,41004015,41004125,41004158,41004303,41004377,41004381,41004406,41006919,41006923,41006936,41007013,41009350,41009358,41010006,41010088,41012316,41012339,41012465,41012693,41012803,41016726,41016810,41006968,41016778,41016805,41010108,41012740	g.40991224T>C,g.40991367A>T,g.40991369C>T,g.40991381A>T,g.40991388A>G,g.40991390C>A/T,g.40991391G>C,g.40991441A>G,g.41004015T>A,g.41004125G>A,g.41004158G>T,g.41004303T>C,g.41004377A>G,g.41004381G>A,g.41004406G>A/C/T,g.41006919C>G,g.41006923C>T,g.41006936G>T,g.41007013T>C,g.41009350C>A,g.41009358A>G,g.41010006G>T/A/C,g.41010088C>G/T,g.41012316T>C,g.41012339C>T,g.41012465C>T,g.41012693T>A,g.41012803C>A,g.41016726A>G,g.41016810C>A;g.41016810C>T,g.41006968T>G,g.41016778G>A,g.41016805A>T,g.41010108C>A,g.41012740G>A	rs34223104,rs34883432,rs8192709,rs33973337,rs33980385,rs33926104,rs34284776,rs35303484,rs281864907,rs36060847,rs186335453,rs139801276,rs12721655,rs35773040,rs145884402,rs3826711,rs36056539,rs3745274,rs36079186,rs45482602,rs2279343,rs139029625,rs34698757,rs28399499,rs34826503,rs34097093,rs35979566,rs35010098,rs3211369,rs3211371,,,,rs193922917,rs193922918	SNP,SNP,SNP,SNP,SNP,SNP,SNP,SNP,SNP,SNP,SNP,SNP,SNP,SNP,SNP,SNP,SNP,SNP,SNP,SNP,SNP,SNP,SNP,SNP,SNP,SNP,SNP,SNP,SNP,SNP,SNP,SNP,SNP,SNP,SNP
*11	A,C,A,A,C,G,G,T,G,G,T,A,G,G,C,C,G,T,C,A,G,C,T,C,C,T,C,A,C,T,G,A,C,G	CYP2B6	chr19	35	40991223,40991366,40991368,40991380,40991387,40991389,40991390,40991440,41004014,41004124,41004157,41004302,41004376,41004380,41004405,41006918,41006922,41006935,41007012,41009349,41009357,41010005,41010087,41012315,41012338,41012464,41012692,41012802,41016725,41016809,41006967,41016777,41016804,41010107,41012739	40991224,40991367,40991369,40991381,40991388,40991390,40991391,40991441,41004015,41004125,41004158,41004303,41004377,41004381,41004406,41006919,41006923,41006936,41007013,41009350,41009358,41010006,41010088,41012316,41012339,41012465,41012693,41012803,41016726,41016810,41006968,41016778,41016805,41010108,41012740	g.40991224T>C,g.40991367A>T,g.40991369C>T,g.40991381A>T,g.40991388A>G,g.40991390C>A/T,g.40991391G>C,g.40991441A>G,g.41004015T>A,g.41004125G>A,g.41004158G>T,g.41004303T>C,g.41004377A>G,g.41004381G>A,g.41004406G>A/C/T,g.41006919C>G,g.41006923C>T,g.41006936G>T,g.41007013T>C,g.41009350C>A,g.41009358A>G,g.41010006G>T/A/C,g.41010088C>G/T,g.41012316T>C,g.41012339C>T,g.41012465C>T,g.41012693T>A,g.41012803C>A,g.41016726A>G,g.41016810C>A;g.41016810C>T,g.41006968T>G,g.41016778G>A,g.41016805A>T,g.41010108C>A,g.41012740G>A	rs34223104,rs34883432,rs8192709,rs33973337,rs33980385,rs33926104,rs34284776,rs35303484,rs281864907,rs36060847,rs186335453,rs139801276,rs12721655,rs35773040,rs145884402,rs3826711,rs36056539,rs3745274,rs36079186,rs45482602,rs2279343,rs139029625,rs34698757,rs28399499,rs34826503,rs34097093,rs35979566,rs35010098,rs3211369,rs3211371,,,,rs193922917,rs193922918	SNP,SNP,SNP,SNP,SNP,SNP,SNP,SNP,SNP,SNP,SNP,SNP,SNP,SNP,SNP,SNP,SNP,SNP,SNP,SNP,SNP,SNP,SNP,SNP,SNP,SNP,SNP,SNP,SNP,SNP,SNP,SNP,SNP,SNP,SNP
*12	A,C,A,A,C,G,A,T,A,G,T,A,G,G,C,C,G,T,C,A,G,C,T,C,C,T,C,A,C,T,G,A,C,G	CYP2B6	chr19	35	40991223,40991366,40991368,40991380,40991387,40991389,40991390,40991440,41004014,41004124,41004157,41004302,41004376,41004380,41004405,41006918,41006922,41006935,41007012,41009349,41009357,41010005,41010087,41012315,41012338,41012464,41012692,41012802,41016725,41016809,41006967,41016777,41016804,41010107,41012739	40991224,40991367,40991369,40991381,40991388,40991390,40991391,40991441,41004015,41004125,41004158,41004303,41004377,41004381,41004406,41006919,41006923,41006936,41007013,41009350,41009358,41010006,41010088,41012316,41012339,41012465,41012693,41012803,41016726,41016810,41006968,41016778,41016805,41010108,41012740	g.40991224T>C,g.40991367A>T,g.40991369C>T,g.40991381A>T,g.40991388A>G,g.40991390C>A/T,g.40991391G>C,g.40991441A>G,g.41004015T>A,g.41004125G>A,g.41004158G>T,g.41004303T>C,g.41004377A>G,g.41004381G>A,g.41004406G>A/C/T,g.41006919C>G,g.41006923C>T,g.41006936G>T,g.41007013T>C,g.41009350C>A,g.41009358A>G,g.41010006G>T/A/C,g.41010088C>G/T,g.41012316T>C,g.41012339C>T,g.41012465C>T,g.41012693T>A,g.41012803C>A,g.41016726A>G,g.41016810C>A;g.41016810C>T,g.41006968T>G,g.41016778G>A,g.41016805A>T,g.41010108C>A,g.41012740G>A	rs34223104,rs34883432,rs8192709,rs33973337,rs33980385,rs33926104,rs34284776,rs35303484,rs281864907,rs36060847,rs186335453,rs139801276,rs12721655,rs35773040,rs145884402,rs3826711,rs36056539,rs3745274,rs36079186,rs45482602,rs2279343,rs139029625,rs34698757,rs28399499,rs34826503,rs34097093,rs35979566,rs35010098,rs3211369,rs3211371,,,,rs193922917,rs193922918	SNP,SNP,SNP,SNP,SNP,SNP,SNP,SNP,SNP,SNP,SNP,SNP,SNP,SNP,SNP,SNP,SNP,SNP,SNP,SNP,SNP,SNP,SNP,SNP,SNP,SNP,SNP,SNP,SNP,SNP,SNP,SNP,SNP,SNP,SNP
*13	A,C,A,A,C,G,A,T,G,G,T,G,G,G,C,C,T,T,C,G,G,C,T,C,C,T,C,A,C,T,G,A,C,G	CYP2B6	chr19	35	40991223,40991366,40991368,40991380,40991387,40991389,40991390,40991440,41004014,41004124,41004157,41004302,41004376,41004380,41004405,41006918,41006922,41006935,41007012,41009349,41009357,41010005,41010087,41012315,41012338,41012464,41012692,41012802,41016725,41016809,41006967,41016777,41016804,41010107,41012739	40991224,40991367,40991369,40991381,40991388,40991390,40991391,40991441,41004015,41004125,41004158,41004303,41004377,41004381,41004406,41006919,41006923,41006936,41007013,41009350,41009358,41010006,41010088,41012316,41012339,41012465,41012693,41012803,41016726,41016810,41006968,41016778,41016805,41010108,41012740	g.40991224T>C,g.40991367A>T,g.40991369C>T,g.40991381A>T,g.40991388A>G,g.40991390C>A/T,g.40991391G>C,g.40991441A>G,g.41004015T>A,g.41004125G>A,g.41004158G>T,g.41004303T>C,g.41004377A>G,g.41004381G>A,g.41004406G>A/C/T,g.41006919C>G,g.41006923C>T,g.41006936G>T,g.41007013T>C,g.41009350C>A,g.41009358A>G,g.41010006G>T/A/C,g.41010088C>G/T,g.41012316T>C,g.41012339C>T,g.41012465C>T,g.41012693T>A,g.41012803C>A,g.41016726A>G,g.41016810C>A;g.41016810C>T,g.41006968T>G,g.41016778G>A,g.41016805A>T,g.41010108C>A,g.41012740G>A	rs34223104,rs34883432,rs8192709,rs33973337,rs33980385,rs33926104,rs34284776,rs35303484,rs281864907,rs36060847,rs186335453,rs139801276,rs12721655,rs35773040,rs145884402,rs3826711,rs36056539,rs3745274,rs36079186,rs45482602,rs2279343,rs139029625,rs34698757,rs28399499,rs34826503,rs34097093,rs35979566,rs35010098,rs3211369,rs3211371,,,,rs193922917,rs193922918	SNP,SNP,SNP,SNP,SNP,SNP,SNP,SNP,SNP,SNP,SNP,SNP,SNP,SNP,SNP,SNP,SNP,SNP,SNP,SNP,SNP,SNP,SNP,SNP,SNP,SNP,SNP,SNP,SNP,SNP,SNP,SNP,SNP,SNP,SNP
*14	A,C,A,A,C,G,A,T,G,G,T,A,A,G,C,C,G,T,C,A,G,C,T,C,C,T,C,A,C,T,G,A,C,G	CYP2B6	chr19	35	40991223,40991366,40991368,40991380,40991387,40991389,40991390,40991440,41004014,41004124,41004157,41004302,41004376,41004380,41004405,41006918,41006922,41006935,41007012,41009349,41009357,41010005,41010087,41012315,41012338,41012464,41012692,41012802,41016725,41016809,41006967,41016777,41016804,41010107,41012739	40991224,40991367,40991369,40991381,40991388,40991390,40991391,40991441,41004015,41004125,41004158,41004303,41004377,41004381,41004406,41006919,41006923,41006936,41007013,41009350,41009358,41010006,41010088,41012316,41012339,41012465,41012693,41012803,41016726,41016810,41006968,41016778,41016805,41010108,41012740	g.40991224T>C,g.40991367A>T,g.40991369C>T,g.40991381A>T,g.40991388A>G,g.40991390C>A/T,g.40991391G>C,g.40991441A>G,g.41004015T>A,g.41004125G>A,g.41004158G>T,g.41004303T>C,g.41004377A>G,g.41004381G>A,g.41004406G>A/C/T,g.41006919C>G,g.41006923C>T,g.41006936G>T,g.41007013T>C,g.41009350C>A,g.41009358A>G,g.41010006G>T/A/C,g.41010088C>G/T,g.41012316T>C,g.41012339C>T,g.41012465C>T,g.41012693T>A,g.41012803C>A,g.41016726A>G,g.41016810C>A;g.41016810C>T,g.41006968T>G,g.41016778G>A,g.41016805A>T,g.41010108C>A,g.41012740G>A	rs34223104,rs34883432,rs8192709,rs33973337,rs33980385,rs33926104,rs34284776,rs35303484,rs281864907,rs36060847,rs186335453,rs139801276,rs12721655,rs35773040,rs145884402,rs3826711,rs36056539,rs3745274,rs36079186,rs45482602,rs2279343,rs139029625,rs34698757,rs28399499,rs34826503,rs34097093,rs35979566,rs35010098,rs3211369,rs3211371,,,,rs193922917,rs193922918	SNP,SNP,SNP,SNP,SNP,SNP,SNP,SNP,SNP,SNP,SNP,SNP,SNP,SNP,SNP,SNP,SNP,SNP,SNP,SNP,SNP,SNP,SNP,SNP,SNP,SNP,SNP,SNP,SNP,SNP,SNP,SNP,SNP,SNP,SNP
*15	A,C,A,A,C,G,A,T,G,G,T,A,G,G,C,C,G,T,C,A,G,C,T,C,C,A,C,A,C,T,G,A,C,G	CYP2B6	chr19	35	40991223,40991366,40991368,40991380,40991387,40991389,40991390,40991440,41004014,41004124,41004157,41004302,41004376,41004380,41004405,41006918,41006922,41006935,41007012,41009349,41009357,41010005,41010087,41012315,41012338,41012464,41012692,41012802,41016725,41016809,41006967,41016777,41016804,41010107,41012739	40991224,40991367,40991369,40991381,40991388,40991390,40991391,40991441,41004015,41004125,41004158,41004303,41004377,41004381,41004406,41006919,41006923,41006936,41007013,41009350,41009358,41010006,41010088,41012316,41012339,41012465,41012693,41012803,41016726,41016810,41006968,41016778,41016805,41010108,41012740	g.40991224T>C,g.40991367A>T,g.40991369C>T,g.40991381A>T,g.40991388A>G,g.40991390C>A/T,g.40991391G>C,g.40991441A>G,g.41004015T>A,g.41004125G>A,g.41004158G>T,g.41004303T>C,g.41004377A>G,g.41004381G>A,g.41004406G>A/C/T,g.41006919C>G,g.41006923C>T,g.41006936G>T,g.41007013T>C,g.41009350C>A,g.41009358A>G,g.41010006G>T/A/C,g.41010088C>G/T,g.41012316T>C,g.41012339C>T,g.41012465C>T,g.41012693T>A,g.41012803C>A,g.41016726A>G,g.41016810C>A;g.41016810C>T,g.41006968T>G,g.41016778G>A,g.41016805A>T,g.41010108C>A,g.41012740G>A	rs34223104,rs34883432,rs8192709,rs33973337,rs33980385,rs33926104,rs34284776,rs35303484,rs281864907,rs36060847,rs186335453,rs139801276,rs12721655,rs35773040,rs145884402,rs3826711,rs36056539,rs3745274,rs36079186,rs45482602,rs2279343,rs139029625,rs34698757,rs28399499,rs34826503,rs34097093,rs35979566,rs35010098,rs3211369,rs3211371,,,,rs193922917,rs193922918	SNP,SNP,SNP,SNP,SNP,SNP,SNP,SNP,SNP,SNP,SNP,SNP,SNP,SNP,SNP,SNP,SNP,SNP,SNP,SNP,SNP,SNP,SNP,SNP,SNP,SNP,SNP,SNP,SNP,SNP,SNP,SNP,SNP,SNP,SNP
*16	A,C,A,A,C,G,A,T,G,G,T,A,G,G,C,C,G,T,C,G,G,C,C,C,C,T,C,A,C,T,G,A,C,G	CYP2B6	chr19	35	40991223,40991366,40991368,40991380,40991387,40991389,40991390,40991440,41004014,41004124,41004157,41004302,41004376,41004380,41004405,41006918,41006922,41006935,41007012,41009349,41009357,41010005,41010087,41012315,41012338,41012464,41012692,41012802,41016725,41016809,41006967,41016777,41016804,41010107,41012739	40991224,40991367,40991369,40991381,40991388,40991390,40991391,40991441,41004015,41004125,41004158,41004303,41004377,41004381,41004406,41006919,41006923,41006936,41007013,41009350,41009358,41010006,41010088,41012316,41012339,41012465,41012693,41012803,41016726,41016810,41006968,41016778,41016805,41010108,41012740	g.40991224T>C,g.40991367A>T,g.40991369C>T,g.40991381A>T,g.40991388A>G,g.40991390C>A/T,g.40991391G>C,g.40991441A>G,g.41004015T>A,g.41004125G>A,g.41004158G>T,g.41004303T>C,g.41004377A>G,g.41004381G>A,g.41004406G>A/C/T,g.41006919C>G,g.41006923C>T,g.41006936G>T,g.41007013T>C,g.41009350C>A,g.41009358A>G,g.41010006G>T/A/C,g.41010088C>G/T,g.41012316T>C,g.41012339C>T,g.41012465C>T,g.41012693T>A,g.41012803C>A,g.41016726A>G,g.41016810C>A;g.41016810C>T,g.41006968T>G,g.41016778G>A,g.41016805A>T,g.41010108C>A,g.41012740G>A	rs34223104,rs34883432,rs8192709,rs33973337,rs33980385,rs33926104,rs34284776,rs35303484,rs281864907,rs36060847,rs186335453,rs139801276,rs12721655,rs35773040,rs145884402,rs3826711,rs36056539,rs3745274,rs36079186,rs45482602,rs2279343,rs139029625,rs34698757,rs28399499,rs34826503,rs34097093,rs35979566,rs35010098,rs3211369,rs3211371,,,,rs193922917,rs193922918	SNP,SNP,SNP,SNP,SNP,SNP,SNP,SNP,SNP,SNP,SNP,SNP,SNP,SNP,SNP,SNP,SNP,SNP,SNP,SNP,SNP,SNP,SNP,SNP,SNP,SNP,SNP,SNP,SNP,SNP,SNP,SNP,SNP,SNP,SNP
*17	A,C,T,G,A,C,A,T,G,G,T,A,G,G,C,C,G,T,C,A,G,C,T,C,C,T,C,A,C,T,G,A,C,G	CYP2B6	chr19	35	40991223,40991366,40991368,40991380,40991387,40991389,40991390,40991440,41004014,41004124,41004157,41004302,41004376,41004380,41004405,41006918,41006922,41006935,41007012,41009349,41009357,41010005,41010087,41012315,41012338,41012464,41012692,41012802,41016725,41016809,41006967,41016777,41016804,41010107,41012739	40991224,40991367,40991369,40991381,40991388,40991390,40991391,40991441,41004015,41004125,41004158,41004303,41004377,41004381,41004406,41006919,41006923,41006936,41007013,41009350,41009358,41010006,41010088,41012316,41012339,41012465,41012693,41012803,41016726,41016810,41006968,41016778,41016805,41010108,41012740	g.40991224T>C,g.40991367A>T,g.40991369C>T,g.40991381A>T,g.40991388A>G,g.40991390C>A/T,g.40991391G>C,g.40991441A>G,g.41004015T>A,g.41004125G>A,g.41004158G>T,g.41004303T>C,g.41004377A>G,g.41004381G>A,g.41004406G>A/C/T,g.41006919C>G,g.41006923C>T,g.41006936G>T,g.41007013T>C,g.41009350C>A,g.41009358A>G,g.41010006G>T/A/C,g.41010088C>G/T,g.41012316T>C,g.41012339C>T,g.41012465C>T,g.41012693T>A,g.41012803C>A,g.41016726A>G,g.41016810C>A;g.41016810C>T,g.41006968T>G,g.41016778G>A,g.41016805A>T,g.41010108C>A,g.41012740G>A	rs34223104,rs34883432,rs8192709,rs33973337,rs33980385,rs33926104,rs34284776,rs35303484,rs281864907,rs36060847,rs186335453,rs139801276,rs12721655,rs35773040,rs145884402,rs3826711,rs36056539,rs3745274,rs36079186,rs45482602,rs2279343,rs139029625,rs34698757,rs28399499,rs34826503,rs34097093,rs35979566,rs35010098,rs3211369,rs3211371,,,,rs193922917,rs193922918	SNP,SNP,SNP,SNP,SNP,SNP,SNP,SNP,SNP,SNP,SNP,SNP,SNP,SNP,SNP,SNP,SNP,SNP,SNP,SNP,SNP,SNP,SNP,SNP,SNP,SNP,SNP,SNP,SNP,SNP,SNP,SNP,SNP,SNP,SNP
*18	A,C,A,A,C,G,A,T,G,G,T,A,G,G,C,C,G,T,C,A,G,C,C,C,C,T,C,A,C,T,G,A,C,G	CYP2B6	chr19	35	40991223,40991366,40991368,40991380,40991387,40991389,40991390,40991440,41004014,41004124,41004157,41004302,41004376,41004380,41004405,41006918,41006922,41006935,41007012,41009349,41009357,41010005,41010087,41012315,41012338,41012464,41012692,41012802,41016725,41016809,41006967,41016777,41016804,41010107,41012739	40991224,40991367,40991369,40991381,40991388,40991390,40991391,40991441,41004015,41004125,41004158,41004303,41004377,41004381,41004406,41006919,41006923,41006936,41007013,41009350,41009358,41010006,41010088,41012316,41012339,41012465,41012693,41012803,41016726,41016810,41006968,41016778,41016805,41010108,41012740	g.40991224T>C,g.40991367A>T,g.40991369C>T,g.40991381A>T,g.40991388A>G,g.40991390C>A/T,g.40991391G>C,g.40991441A>G,g.41004015T>A,g.41004125G>A,g.41004158G>T,g.41004303T>C,g.41004377A>G,g.41004381G>A,g.41004406G>A/C/T,g.41006919C>G,g.41006923C>T,g.41006936G>T,g.41007013T>C,g.41009350C>A,g.41009358A>G,g.41010006G>T/A/C,g.41010088C>G/T,g.41012316T>C,g.41012339C>T,g.41012465C>T,g.41012693T>A,g.41012803C>A,g.41016726A>G,g.41016810C>A;g.41016810C>T,g.41006968T>G,g.41016778G>A,g.41016805A>T,g.41010108C>A,g.41012740G>A	rs34223104,rs34883432,rs8192709,rs33973337,rs33980385,rs33926104,rs34284776,rs35303484,rs281864907,rs36060847,rs186335453,rs139801276,rs12721655,rs35773040,rs145884402,rs3826711,rs36056539,rs3745274,rs36079186,rs45482602,rs2279343,rs139029625,rs34698757,rs28399499,rs34826503,rs34097093,rs35979566,rs35010098,rs3211369,rs3211371,,,,rs193922917,rs193922918	SNP,SNP,SNP,SNP,SNP,SNP,SNP,SNP,SNP,SNP,SNP,SNP,SNP,SNP,SNP,SNP,SNP,SNP,SNP,SNP,SNP,SNP,SNP,SNP,SNP,SNP,SNP,SNP,SNP,SNP,SNP,SNP,SNP,SNP,SNP
*19	A,C,A,A,C,G,A,T,G,G,T,A,G,G,C,C,T,T,C,G,G,C,T,T,C,T,C,A,C,T,G,A,C,G	CYP2B6	chr19	35	40991223,40991366,40991368,40991380,40991387,40991389,40991390,40991440,41004014,41004124,41004157,41004302,41004376,41004380,41004405,41006918,41006922,41006935,41007012,41009349,41009357,41010005,41010087,41012315,41012338,41012464,41012692,41012802,41016725,41016809,41006967,41016777,41016804,41010107,41012739	40991224,40991367,40991369,40991381,40991388,40991390,40991391,40991441,41004015,41004125,41004158,41004303,41004377,41004381,41004406,41006919,41006923,41006936,41007013,41009350,41009358,41010006,41010088,41012316,41012339,41012465,41012693,41012803,41016726,41016810,41006968,41016778,41016805,41010108,41012740	g.40991224T>C,g.40991367A>T,g.40991369C>T,g.40991381A>T,g.40991388A>G,g.40991390C>A/T,g.40991391G>C,g.40991441A>G,g.41004015T>A,g.41004125G>A,g.41004158G>T,g.41004303T>C,g.41004377A>G,g.41004381G>A,g.41004406G>A/C/T,g.41006919C>G,g.41006923C>T,g.41006936G>T,g.41007013T>C,g.41009350C>A,g.41009358A>G,g.41010006G>T/A/C,g.41010088C>G/T,g.41012316T>C,g.41012339C>T,g.41012465C>T,g.41012693T>A,g.41012803C>A,g.41016726A>G,g.41016810C>A;g.41016810C>T,g.41006968T>G,g.41016778G>A,g.41016805A>T,g.41010108C>A,g.41012740G>A	rs34223104,rs34883432,rs8192709,rs33973337,rs33980385,rs33926104,rs34284776,rs35303484,rs281864907,rs36060847,rs186335453,rs139801276,rs12721655,rs35773040,rs145884402,rs3826711,rs36056539,rs3745274,rs36079186,rs45482602,rs2279343,rs139029625,rs34698757,rs28399499,rs34826503,rs34097093,rs35979566,rs35010098,rs3211369,rs3211371,,,,rs193922917,rs193922918	SNP,SNP,SNP,SNP,SNP,SNP,SNP,SNP,SNP,SNP,SNP,SNP,SNP,SNP,SNP,SNP,SNP,SNP,SNP,SNP,SNP,SNP,SNP,SNP,SNP,SNP,SNP,SNP,SNP,SNP,SNP,SNP,SNP,SNP,SNP
*20	A,C,A,A,C,G,A,T,G,G,T,A,G,G,C,T,T,T,C,G,G,C,T,C,C,T,C,A,C,T,G,A,C,G	CYP2B6	chr19	35	40991223,40991366,40991368,40991380,40991387,40991389,40991390,40991440,41004014,41004124,41004157,41004302,41004376,41004380,41004405,41006918,41006922,41006935,41007012,41009349,41009357,41010005,41010087,41012315,41012338,41012464,41012692,41012802,41016725,41016809,41006967,41016777,41016804,41010107,41012739	40991224,40991367,40991369,40991381,40991388,40991390,40991391,40991441,41004015,41004125,41004158,41004303,41004377,41004381,41004406,41006919,41006923,41006936,41007013,41009350,41009358,41010006,41010088,41012316,41012339,41012465,41012693,41012803,41016726,41016810,41006968,41016778,41016805,41010108,41012740	g.40991224T>C,g.40991367A>T,g.40991369C>T,g.40991381A>T,g.40991388A>G,g.40991390C>A/T,g.40991391G>C,g.40991441A>G,g.41004015T>A,g.41004125G>A,g.41004158G>T,g.41004303T>C,g.41004377A>G,g.41004381G>A,g.41004406G>A/C/T,g.41006919C>G,g.41006923C>T,g.41006936G>T,g.41007013T>C,g.41009350C>A,g.41009358A>G,g.41010006G>T/A/C,g.41010088C>G/T,g.41012316T>C,g.41012339C>T,g.41012465C>T,g.41012693T>A,g.41012803C>A,g.41016726A>G,g.41016810C>A;g.41016810C>T,g.41006968T>G,g.41016778G>A,g.41016805A>T,g.41010108C>A,g.41012740G>A	rs34223104,rs34883432,rs8192709,rs33973337,rs33980385,rs33926104,rs34284776,rs35303484,rs281864907,rs36060847,rs186335453,rs139801276,rs12721655,rs35773040,rs145884402,rs3826711,rs36056539,rs3745274,rs36079186,rs45482602,rs2279343,rs139029625,rs34698757,rs28399499,rs34826503,rs34097093,rs35979566,rs35010098,rs3211369,rs3211371,,,,rs193922917,rs193922918	SNP,SNP,SNP,SNP,SNP,SNP,SNP,SNP,SNP,SNP,SNP,SNP,SNP,SNP,SNP,SNP,SNP,SNP,SNP,SNP,SNP,SNP,SNP,SNP,SNP,SNP,SNP,SNP,SNP,SNP,SNP,SNP,SNP,SNP,SNP
*21	A,C,A,A,C,G,A,T,G,G,T,A,G,G,C,C,G,T,C,A,G,C,T,C,C,T,A,A,C,T,G,A,C,G	CYP2B6	chr19	35	40991223,40991366,40991368,40991380,40991387,40991389,40991390,40991440,41004014,41004124,41004157,41004302,41004376,41004380,41004405,41006918,41006922,41006935,41007012,41009349,41009357,41010005,41010087,41012315,41012338,41012464,41012692,41012802,41016725,41016809,41006967,41016777,41016804,41010107,41012739	40991224,40991367,40991369,40991381,40991388,40991390,40991391,40991441,41004015,41004125,41004158,41004303,41004377,41004381,41004406,41006919,41006923,41006936,41007013,41009350,41009358,41010006,41010088,41012316,41012339,41012465,41012693,41012803,41016726,41016810,41006968,41016778,41016805,41010108,41012740	g.40991224T>C,g.40991367A>T,g.40991369C>T,g.40991381A>T,g.40991388A>G,g.40991390C>A/T,g.40991391G>C,g.40991441A>G,g.41004015T>A,g.41004125G>A,g.41004158G>T,g.41004303T>C,g.41004377A>G,g.41004381G>A,g.41004406G>A/C/T,g.41006919C>G,g.41006923C>T,g.41006936G>T,g.41007013T>C,g.41009350C>A,g.41009358A>G,g.41010006G>T/A/C,g.41010088C>G/T,g.41012316T>C,g.41012339C>T,g.41012465C>T,g.41012693T>A,g.41012803C>A,g.41016726A>G,g.41016810C>A;g.41016810C>T,g.41006968T>G,g.41016778G>A,g.41016805A>T,g.41010108C>A,g.41012740G>A	rs34223104,rs34883432,rs8192709,rs33973337,rs33980385,rs33926104,rs34284776,rs35303484,rs281864907,rs36060847,rs186335453,rs139801276,rs12721655,rs35773040,rs145884402,rs3826711,rs36056539,rs3745274,rs36079186,rs45482602,rs2279343,rs139029625,rs34698757,rs28399499,rs34826503,rs34097093,rs35979566,rs35010098,rs3211369,rs3211371,,,,rs193922917,rs193922918	SNP,SNP,SNP,SNP,SNP,SNP,SNP,SNP,SNP,SNP,SNP,SNP,SNP,SNP,SNP,SNP,SNP,SNP,SNP,SNP,SNP,SNP,SNP,SNP,SNP,SNP,SNP,SNP,SNP,SNP,SNP,SNP,SNP,SNP,SNP
*22	A,C,A,A,C,G,A,T,G,G,T,A,G,G,C,C,G,T,C,A,G,C,T,C,C,T,C,A,C,T,G,A,C,G	CYP2B6	chr19	35	40991223,40991366,40991368,40991380,40991387,40991389,40991390,40991440,41004014,41004124,41004157,41004302,41004376,41004380,41004405,41006918,41006922,41006935,41007012,41009349,41009357,41010005,41010087,41012315,41012338,41012464,41012692,41012802,41016725,41016809,41006967,41016777,41016804,41010107,41012739	40991224,40991367,40991369,40991381,40991388,40991390,40991391,40991441,41004015,41004125,41004158,41004303,41004377,41004381,41004406,41006919,41006923,41006936,41007013,41009350,41009358,41010006,41010088,41012316,41012339,41012465,41012693,41012803,41016726,41016810,41006968,41016778,41016805,41010108,41012740	g.40991224T>C,g.40991367A>T,g.40991369C>T,g.40991381A>T,g.40991388A>G,g.40991390C>A/T,g.40991391G>C,g.40991441A>G,g.41004015T>A,g.41004125G>A,g.41004158G>T,g.41004303T>C,g.41004377A>G,g.41004381G>A,g.41004406G>A/C/T,g.41006919C>G,g.41006923C>T,g.41006936G>T,g.41007013T>C,g.41009350C>A,g.41009358A>G,g.41010006G>T/A/C,g.41010088C>G/T,g.41012316T>C,g.41012339C>T,g.41012465C>T,g.41012693T>A,g.41012803C>A,g.41016726A>G,g.41016810C>A;g.41016810C>T,g.41006968T>G,g.41016778G>A,g.41016805A>T,g.41010108C>A,g.41012740G>A	rs34223104,rs34883432,rs8192709,rs33973337,rs33980385,rs33926104,rs34284776,rs35303484,rs281864907,rs36060847,rs186335453,rs139801276,rs12721655,rs35773040,rs145884402,rs3826711,rs36056539,rs3745274,rs36079186,rs45482602,rs2279343,rs139029625,rs34698757,rs28399499,rs34826503,rs34097093,rs35979566,rs35010098,rs3211369,rs3211371,,,,rs193922917,rs193922918	SNP,SNP,SNP,SNP,SNP,SNP,SNP,SNP,SNP,SNP,SNP,SNP,SNP,SNP,SNP,SNP,SNP,SNP,SNP,SNP,SNP,SNP,SNP,SNP,SNP,SNP,SNP,SNP,SNP,SNP,SNP,SNP,SNP,SNP,SNP
*23	A,C,A,A,C,G,A,T,G,G,T,A,G,G,C,C,G,T,C,A,G,C,T,C,C,T,C,G,C,T,G,A,C,G	CYP2B6	chr19	35	40991223,40991366,40991368,40991380,40991387,40991389,40991390,40991440,41004014,41004124,41004157,41004302,41004376,41004380,41004405,41006918,41006922,41006935,41007012,41009349,41009357,41010005,41010087,41012315,41012338,41012464,41012692,41012802,41016725,41016809,41006967,41016777,41016804,41010107,41012739	40991224,40991367,40991369,40991381,40991388,40991390,40991391,40991441,41004015,41004125,41004158,41004303,41004377,41004381,41004406,41006919,41006923,41006936,41007013,41009350,41009358,41010006,41010088,41012316,41012339,41012465,41012693,41012803,41016726,41016810,41006968,41016778,41016805,41010108,41012740	g.40991224T>C,g.40991367A>T,g.40991369C>T,g.40991381A>T,g.40991388A>G,g.40991390C>A/T,g.40991391G>C,g.40991441A>G,g.41004015T>A,g.41004125G>A,g.41004158G>T,g.41004303T>C,g.41004377A>G,g.41004381G>A,g.41004406G>A/C/T,g.41006919C>G,g.41006923C>T,g.41006936G>T,g.41007013T>C,g.41009350C>A,g.41009358A>G,g.41010006G>T/A/C,g.41010088C>G/T,g.41012316T>C,g.41012339C>T,g.41012465C>T,g.41012693T>A,g.41012803C>A,g.41016726A>G,g.41016810C>A;g.41016810C>T,g.41006968T>G,g.41016778G>A,g.41016805A>T,g.41010108C>A,g.41012740G>A	rs34223104,rs34883432,rs8192709,rs33973337,rs33980385,rs33926104,rs34284776,rs35303484,rs281864907,rs36060847,rs186335453,rs139801276,rs12721655,rs35773040,rs145884402,rs3826711,rs36056539,rs3745274,rs36079186,rs45482602,rs2279343,rs139029625,rs34698757,rs28399499,rs34826503,rs34097093,rs35979566,rs35010098,rs3211369,rs3211371,,,,rs193922917,rs193922918	SNP,SNP,SNP,SNP,SNP,SNP,SNP,SNP,SNP,SNP,SNP,SNP,SNP,SNP,SNP,SNP,SNP,SNP,SNP,SNP,SNP,SNP,SNP,SNP,SNP,SNP,SNP,SNP,SNP,SNP,SNP,SNP,SNP,SNP,SNP
*24	A,C,A,A,C,G,A,T,G,G,T,A,G,G,C,C,G,T,C,A,G,C,T,C,C,T,C,A,C,T,A,A,C,G	CYP2B6	chr19	35	40991223,40991366,40991368,40991380,40991387,40991389,40991390,40991440,41004014,41004124,41004157,41004302,41004376,41004380,41004405,41006918,41006922,41006935,41007012,41009349,41009357,41010005,41010087,41012315,41012338,41012464,41012692,41012802,41016725,41016809,41006967,41016777,41016804,41010107,41012739	40991224,40991367,40991369,40991381,40991388,40991390,40991391,40991441,41004015,41004125,41004158,41004303,41004377,41004381,41004406,41006919,41006923,41006936,41007013,41009350,41009358,41010006,41010088,41012316,41012339,41012465,41012693,41012803,41016726,41016810,41006968,41016778,41016805,41010108,41012740	g.40991224T>C,g.40991367A>T,g.40991369C>T,g.40991381A>T,g.40991388A>G,g.40991390C>A/T,g.40991391G>C,g.40991441A>G,g.41004015T>A,g.41004125G>A,g.41004158G>T,g.41004303T>C,g.41004377A>G,g.41004381G>A,g.41004406G>A/C/T,g.41006919C>G,g.41006923C>T,g.41006936G>T,g.41007013T>C,g.41009350C>A,g.41009358A>G,g.41010006G>T/A/C,g.41010088C>G/T,g.41012316T>C,g.41012339C>T,g.41012465C>T,g.41012693T>A,g.41012803C>A,g.41016726A>G,g.41016810C>A;g.41016810C>T,g.41006968T>G,g.41016778G>A,g.41016805A>T,g.41010108C>A,g.41012740G>A	rs34223104,rs34883432,rs8192709,rs33973337,rs33980385,rs33926104,rs34284776,rs35303484,rs281864907,rs36060847,rs186335453,rs139801276,rs12721655,rs35773040,rs145884402,rs3826711,rs36056539,rs3745274,rs36079186,rs45482602,rs2279343,rs139029625,rs34698757,rs28399499,rs34826503,rs34097093,rs35979566,rs35010098,rs3211369,rs3211371,,,,rs193922917,rs193922918	SNP,SNP,SNP,SNP,SNP,SNP,SNP,SNP,SNP,SNP,SNP,SNP,SNP,SNP,SNP,SNP,SNP,SNP,SNP,SNP,SNP,SNP,SNP,SNP,SNP,SNP,SNP,SNP,SNP,SNP,SNP,SNP,SNP,SNP,SNP
*25	A,C,A,A,C,G,A,T,G,G,T,A,G,G,C,C,G,T,C,A,G,C,T,C,C,T,C,A,C,T,G,T,C,G	CYP2B6	chr19	35	40991223,40991366,40991368,40991380,40991387,40991389,40991390,40991440,41004014,41004124,41004157,41004302,41004376,41004380,41004405,41006918,41006922,41006935,41007012,41009349,41009357,41010005,41010087,41012315,41012338,41012464,41012692,41012802,41016725,41016809,41006967,41016777,41016804,41010107,41012739	40991224,40991367,40991369,40991381,40991388,40991390,40991391,40991441,41004015,41004125,41004158,41004303,41004377,41004381,41004406,41006919,41006923,41006936,41007013,41009350,41009358,41010006,41010088,41012316,41012339,41012465,41012693,41012803,41016726,41016810,41006968,41016778,41016805,41010108,41012740	g.40991224T>C,g.40991367A>T,g.40991369C>T,g.40991381A>T,g.40991388A>G,g.40991390C>A/T,g.40991391G>C,g.40991441A>G,g.41004015T>A,g.41004125G>A,g.41004158G>T,g.41004303T>C,g.41004377A>G,g.41004381G>A,g.41004406G>A/C/T,g.41006919C>G,g.41006923C>T,g.41006936G>T,g.41007013T>C,g.41009350C>A,g.41009358A>G,g.41010006G>T/A/C,g.41010088C>G/T,g.41012316T>C,g.41012339C>T,g.41012465C>T,g.41012693T>A,g.41012803C>A,g.41016726A>G,g.41016810C>A;g.41016810C>T,g.41006968T>G,g.41016778G>A,g.41016805A>T,g.41010108C>A,g.41012740G>A	rs34223104,rs34883432,rs8192709,rs33973337,rs33980385,rs33926104,rs34284776,rs35303484,rs281864907,rs36060847,rs186335453,rs139801276,rs12721655,rs35773040,rs145884402,rs3826711,rs36056539,rs3745274,rs36079186,rs45482602,rs2279343,rs139029625,rs34698757,rs28399499,rs34826503,rs34097093,rs35979566,rs35010098,rs3211369,rs3211371,,,,rs193922917,rs193922918	SNP,SNP,SNP,SNP,SNP,SNP,SNP,SNP,SNP,SNP,SNP,SNP,SNP,SNP,SNP,SNP,SNP,SNP,SNP,SNP,SNP,SNP,SNP,SNP,SNP,SNP,SNP,SNP,SNP,SNP,SNP,SNP,SNP,SNP,SNP
*26	A,C,A,A,C,G,A,T,G,G,T,A,G,G,G,C,T,T,C,G,G,C,T,C,C,T,C,A,C,T,G,A,C,G	CYP2B6	chr19	35	40991223,40991366,40991368,40991380,40991387,40991389,40991390,40991440,41004014,41004124,41004157,41004302,41004376,41004380,41004405,41006918,41006922,41006935,41007012,41009349,41009357,41010005,41010087,41012315,41012338,41012464,41012692,41012802,41016725,41016809,41006967,41016777,41016804,41010107,41012739	40991224,40991367,40991369,40991381,40991388,40991390,40991391,40991441,41004015,41004125,41004158,41004303,41004377,41004381,41004406,41006919,41006923,41006936,41007013,41009350,41009358,41010006,41010088,41012316,41012339,41012465,41012693,41012803,41016726,41016810,41006968,41016778,41016805,41010108,41012740	g.40991224T>C,g.40991367A>T,g.40991369C>T,g.40991381A>T,g.40991388A>G,g.40991390C>A/T,g.40991391G>C,g.40991441A>G,g.41004015T>A,g.41004125G>A,g.41004158G>T,g.41004303T>C,g.41004377A>G,g.41004381G>A,g.41004406G>A/C/T,g.41006919C>G,g.41006923C>T,g.41006936G>T,g.41007013T>C,g.41009350C>A,g.41009358A>G,g.41010006G>T/A/C,g.41010088C>G/T,g.41012316T>C,g.41012339C>T,g.41012465C>T,g.41012693T>A,g.41012803C>A,g.41016726A>G,g.41016810C>A;g.41016810C>T,g.41006968T>G,g.41016778G>A,g.41016805A>T,g.41010108C>A,g.41012740G>A	rs34223104,rs34883432,rs8192709,rs33973337,rs33980385,rs33926104,rs34284776,rs35303484,rs281864907,rs36060847,rs186335453,rs139801276,rs12721655,rs35773040,rs145884402,rs3826711,rs36056539,rs3745274,rs36079186,rs45482602,rs2279343,rs139029625,rs34698757,rs28399499,rs34826503,rs34097093,rs35979566,rs35010098,rs3211369,rs3211371,,,,rs193922917,rs193922918	SNP,SNP,SNP,SNP,SNP,SNP,SNP,SNP,SNP,SNP,SNP,SNP,SNP,SNP,SNP,SNP,SNP,SNP,SNP,SNP,SNP,SNP,SNP,SNP,SNP,SNP,SNP,SNP,SNP,SNP,SNP,SNP,SNP,SNP,SNP
*27	A,C,A,A,C,G,A,T,G,G,T,A,G,G,C,C,G,C,C,A,G,C,T,C,C,T,C,A,C,T,G,A,C,G	CYP2B6	chr19	35	40991223,40991366,40991368,40991380,40991387,40991389,40991390,40991440,41004014,41004124,41004157,41004302,41004376,41004380,41004405,41006918,41006922,41006935,41007012,41009349,41009357,41010005,41010087,41012315,41012338,41012464,41012692,41012802,41016725,41016809,41006967,41016777,41016804,41010107,41012739	40991224,40991367,40991369,40991381,40991388,40991390,40991391,40991441,41004015,41004125,41004158,41004303,41004377,41004381,41004406,41006919,41006923,41006936,41007013,41009350,41009358,41010006,41010088,41012316,41012339,41012465,41012693,41012803,41016726,41016810,41006968,41016778,41016805,41010108,41012740	g.40991224T>C,g.40991367A>T,g.40991369C>T,g.40991381A>T,g.40991388A>G,g.40991390C>A/T,g.40991391G>C,g.40991441A>G,g.41004015T>A,g.41004125G>A,g.41004158G>T,g.41004303T>C,g.41004377A>G,g.41004381G>A,g.41004406G>A/C/T,g.41006919C>G,g.41006923C>T,g.41006936G>T,g.41007013T>C,g.41009350C>A,g.41009358A>G,g.41010006G>T/A/C,g.41010088C>G/T,g.41012316T>C,g.41012339C>T,g.41012465C>T,g.41012693T>A,g.41012803C>A,g.41016726A>G,g.41016810C>A;g.41016810C>T,g.41006968T>G,g.41016778G>A,g.41016805A>T,g.41010108C>A,g.41012740G>A	rs34223104,rs34883432,rs8192709,rs33973337,rs33980385,rs33926104,rs34284776,rs35303484,rs281864907,rs36060847,rs186335453,rs139801276,rs12721655,rs35773040,rs145884402,rs3826711,rs36056539,rs3745274,rs36079186,rs45482602,rs2279343,rs139029625,rs34698757,rs28399499,rs34826503,rs34097093,rs35979566,rs35010098,rs3211369,rs3211371,,,,rs193922917,rs193922918	SNP,SNP,SNP,SNP,SNP,SNP,SNP,SNP,SNP,SNP,SNP,SNP,SNP,SNP,SNP,SNP,SNP,SNP,SNP,SNP,SNP,SNP,SNP,SNP,SNP,SNP,SNP,SNP,SNP,SNP,SNP,SNP,SNP,SNP,SNP
*28	A,C,A,A,C,G,A,T,G,G,T,A,G,G,C,C,G,T,C,A,G,G,T,C,T,T,C,A,C,T,G,A,C,G	CYP2B6	chr19	35	40991223,40991366,40991368,40991380,40991387,40991389,40991390,40991440,41004014,41004124,41004157,41004302,41004376,41004380,41004405,41006918,41006922,41006935,41007012,41009349,41009357,41010005,41010087,41012315,41012338,41012464,41012692,41012802,41016725,41016809,41006967,41016777,41016804,41010107,41012739	40991224,40991367,40991369,40991381,40991388,40991390,40991391,40991441,41004015,41004125,41004158,41004303,41004377,41004381,41004406,41006919,41006923,41006936,41007013,41009350,41009358,41010006,41010088,41012316,41012339,41012465,41012693,41012803,41016726,41016810,41006968,41016778,41016805,41010108,41012740	g.40991224T>C,g.40991367A>T,g.40991369C>T,g.40991381A>T,g.40991388A>G,g.40991390C>A/T,g.40991391G>C,g.40991441A>G,g.41004015T>A,g.41004125G>A,g.41004158G>T,g.41004303T>C,g.41004377A>G,g.41004381G>A,g.41004406G>A/C/T,g.41006919C>G,g.41006923C>T,g.41006936G>T,g.41007013T>C,g.41009350C>A,g.41009358A>G,g.41010006G>T/A/C,g.41010088C>G/T,g.41012316T>C,g.41012339C>T,g.41012465C>T,g.41012693T>A,g.41012803C>A,g.41016726A>G,g.41016810C>A;g.41016810C>T,g.41006968T>G,g.41016778G>A,g.41016805A>T,g.41010108C>A,g.41012740G>A	rs34223104,rs34883432,rs8192709,rs33973337,rs33980385,rs33926104,rs34284776,rs35303484,rs281864907,rs36060847,rs186335453,rs139801276,rs12721655,rs35773040,rs145884402,rs3826711,rs36056539,rs3745274,rs36079186,rs45482602,rs2279343,rs139029625,rs34698757,rs28399499,rs34826503,rs34097093,rs35979566,rs35010098,rs3211369,rs3211371,,,,rs193922917,rs193922918	SNP,SNP,SNP,SNP,SNP,SNP,SNP,SNP,SNP,SNP,SNP,SNP,SNP,SNP,SNP,SNP,SNP,SNP,SNP,SNP,SNP,SNP,SNP,SNP,SNP,SNP,SNP,SNP,SNP,SNP,SNP,SNP,SNP,SNP,SNP
*31	A,C,A,A,C,G,A,T,G,G,T,A,G,G,C,C,G,T,C,A,G,C,T,C,C,T,C,A,C,T,G,A,A,G	CYP2B6	chr19	35	40991223,40991366,40991368,40991380,40991387,40991389,40991390,40991440,41004014,41004124,41004157,41004302,41004376,41004380,41004405,41006918,41006922,41006935,41007012,41009349,41009357,41010005,41010087,41012315,41012338,41012464,41012692,41012802,41016725,41016809,41006967,41016777,41016804,41010107,41012739	40991224,40991367,40991369,40991381,40991388,40991390,40991391,40991441,41004015,41004125,41004158,41004303,41004377,41004381,41004406,41006919,41006923,41006936,41007013,41009350,41009358,41010006,41010088,41012316,41012339,41012465,41012693,41012803,41016726,41016810,41006968,41016778,41016805,41010108,41012740	g.40991224T>C,g.40991367A>T,g.40991369C>T,g.40991381A>T,g.40991388A>G,g.40991390C>A/T,g.40991391G>C,g.40991441A>G,g.41004015T>A,g.41004125G>A,g.41004158G>T,g.41004303T>C,g.41004377A>G,g.41004381G>A,g.41004406G>A/C/T,g.41006919C>G,g.41006923C>T,g.41006936G>T,g.41007013T>C,g.41009350C>A,g.41009358A>G,g.41010006G>T/A/C,g.41010088C>G/T,g.41012316T>C,g.41012339C>T,g.41012465C>T,g.41012693T>A,g.41012803C>A,g.41016726A>G,g.41016810C>A;g.41016810C>T,g.41006968T>G,g.41016778G>A,g.41016805A>T,g.41010108C>A,g.41012740G>A	rs34223104,rs34883432,rs8192709,rs33973337,rs33980385,rs33926104,rs34284776,rs35303484,rs281864907,rs36060847,rs186335453,rs139801276,rs12721655,rs35773040,rs145884402,rs3826711,rs36056539,rs3745274,rs36079186,rs45482602,rs2279343,rs139029625,rs34698757,rs28399499,rs34826503,rs34097093,rs35979566,rs35010098,rs3211369,rs3211371,,,,rs193922917,rs193922918	SNP,SNP,SNP,SNP,SNP,SNP,SNP,SNP,SNP,SNP,SNP,SNP,SNP,SNP,SNP,SNP,SNP,SNP,SNP,SNP,SNP,SNP,SNP,SNP,SNP,SNP,SNP,SNP,SNP,SNP,SNP,SNP,SNP,SNP,SNP
*32	A,C,A,A,C,G,A,T,G,G,T,A,G,G,C,C,G,T,C,A,G,C,T,C,C,T,C,A,C,T,G,A,C,A	CYP2B6	chr19	35	40991223,40991366,40991368,40991380,40991387,40991389,40991390,40991440,41004014,41004124,41004157,41004302,41004376,41004380,41004405,41006918,41006922,41006935,41007012,41009349,41009357,41010005,41010087,41012315,41012338,41012464,41012692,41012802,41016725,41016809,41006967,41016777,41016804,41010107,41012739	40991224,40991367,40991369,40991381,40991388,40991390,40991391,40991441,41004015,41004125,41004158,41004303,41004377,41004381,41004406,41006919,41006923,41006936,41007013,41009350,41009358,41010006,41010088,41012316,41012339,41012465,41012693,41012803,41016726,41016810,41006968,41016778,41016805,41010108,41012740	g.40991224T>C,g.40991367A>T,g.40991369C>T,g.40991381A>T,g.40991388A>G,g.40991390C>A/T,g.40991391G>C,g.40991441A>G,g.41004015T>A,g.41004125G>A,g.41004158G>T,g.41004303T>C,g.41004377A>G,g.41004381G>A,g.41004406G>A/C/T,g.41006919C>G,g.41006923C>T,g.41006936G>T,g.41007013T>C,g.41009350C>A,g.41009358A>G,g.41010006G>T/A/C,g.41010088C>G/T,g.41012316T>C,g.41012339C>T,g.41012465C>T,g.41012693T>A,g.41012803C>A,g.41016726A>G,g.41016810C>A;g.41016810C>T,g.41006968T>G,g.41016778G>A,g.41016805A>T,g.41010108C>A,g.41012740G>A	rs34223104,rs34883432,rs8192709,rs33973337,rs33980385,rs33926104,rs34284776,rs35303484,rs281864907,rs36060847,rs186335453,rs139801276,rs12721655,rs35773040,rs145884402,rs3826711,rs36056539,rs3745274,rs36079186,rs45482602,rs2279343,rs139029625,rs34698757,rs28399499,rs34826503,rs34097093,rs35979566,rs35010098,rs3211369,rs3211371,,,,rs193922917,rs193922918	SNP,SNP,SNP,SNP,SNP,SNP,SNP,SNP,SNP,SNP,SNP,SNP,SNP,SNP,SNP,SNP,SNP,SNP,SNP,SNP,SNP,SNP,SNP,SNP,SNP,SNP,SNP,SNP,SNP,SNP,SNP,SNP,SNP,SNP,SNP
*33	A,C,A,A,C,G,A,T,G,G,T,A,G,G,C,C,G,T,C,A,G,C,T,C,C,T,C,A,A,T,G,A,C,G	CYP2B6	chr19	35	40991223,40991366,40991368,40991380,40991387,40991389,40991390,40991440,41004014,41004124,41004157,41004302,41004376,41004380,41004405,41006918,41006922,41006935,41007012,41009349,41009357,41010005,41010087,41012315,41012338,41012464,41012692,41012802,41016725,41016809,41006967,41016777,41016804,41010107,41012739	40991224,40991367,40991369,40991381,40991388,40991390,40991391,40991441,41004015,41004125,41004158,41004303,41004377,41004381,41004406,41006919,41006923,41006936,41007013,41009350,41009358,41010006,41010088,41012316,41012339,41012465,41012693,41012803,41016726,41016810,41006968,41016778,41016805,41010108,41012740	g.40991224T>C,g.40991367A>T,g.40991369C>T,g.40991381A>T,g.40991388A>G,g.40991390C>A/T,g.40991391G>C,g.40991441A>G,g.41004015T>A,g.41004125G>A,g.41004158G>T,g.41004303T>C,g.41004377A>G,g.41004381G>A,g.41004406G>A/C/T,g.41006919C>G,g.41006923C>T,g.41006936G>T,g.41007013T>C,g.41009350C>A,g.41009358A>G,g.41010006G>T/A/C,g.41010088C>G/T,g.41012316T>C,g.41012339C>T,g.41012465C>T,g.41012693T>A,g.41012803C>A,g.41016726A>G,g.41016810C>A;g.41016810C>T,g.41006968T>G,g.41016778G>A,g.41016805A>T,g.41010108C>A,g.41012740G>A	rs34223104,rs34883432,rs8192709,rs33973337,rs33980385,rs33926104,rs34284776,rs35303484,rs281864907,rs36060847,rs186335453,rs139801276,rs12721655,rs35773040,rs145884402,rs3826711,rs36056539,rs3745274,rs36079186,rs45482602,rs2279343,rs139029625,rs34698757,rs28399499,rs34826503,rs34097093,rs35979566,rs35010098,rs3211369,rs3211371,,,,rs193922917,rs193922918	SNP,SNP,SNP,SNP,SNP,SNP,SNP,SNP,SNP,SNP,SNP,SNP,SNP,SNP,SNP,SNP,SNP,SNP,SNP,SNP,SNP,SNP,SNP,SNP,SNP,SNP,SNP,SNP,SNP,SNP,SNP,SNP,SNP,SNP,SNP
*34	A,C,A,A,C,G,A,T,G,G,T,A,G,G,C,C,T,T,C,G,G,C,T,C,C,T,C,A,A,T,G,A,C,G	CYP2B6	chr19	35	40991223,40991366,40991368,40991380,40991387,40991389,40991390,40991440,41004014,41004124,41004157,41004302,41004376,41004380,41004405,41006918,41006922,41006935,41007012,41009349,41009357,41010005,41010087,41012315,41012338,41012464,41012692,41012802,41016725,41016809,41006967,41016777,41016804,41010107,41012739	40991224,40991367,40991369,40991381,40991388,40991390,40991391,40991441,41004015,41004125,41004158,41004303,41004377,41004381,41004406,41006919,41006923,41006936,41007013,41009350,41009358,41010006,41010088,41012316,41012339,41012465,41012693,41012803,41016726,41016810,41006968,41016778,41016805,41010108,41012740	g.40991224T>C,g.40991367A>T,g.40991369C>T,g.40991381A>T,g.40991388A>G,g.40991390C>A/T,g.40991391G>C,g.40991441A>G,g.41004015T>A,g.41004125G>A,g.41004158G>T,g.41004303T>C,g.41004377A>G,g.41004381G>A,g.41004406G>A/C/T,g.41006919C>G,g.41006923C>T,g.41006936G>T,g.41007013T>C,g.41009350C>A,g.41009358A>G,g.41010006G>T/A/C,g.41010088C>G/T,g.41012316T>C,g.41012339C>T,g.41012465C>T,g.41012693T>A,g.41012803C>A,g.41016726A>G,g.41016810C>A;g.41016810C>T,g.41006968T>G,g.41016778G>A,g.41016805A>T,g.41010108C>A,g.41012740G>A	rs34223104,rs34883432,rs8192709,rs33973337,rs33980385,rs33926104,rs34284776,rs35303484,rs281864907,rs36060847,rs186335453,rs139801276,rs12721655,rs35773040,rs145884402,rs3826711,rs36056539,rs3745274,rs36079186,rs45482602,rs2279343,rs139029625,rs34698757,rs28399499,rs34826503,rs34097093,rs35979566,rs35010098,rs3211369,rs3211371,,,,rs193922917,rs193922918	SNP,SNP,SNP,SNP,SNP,SNP,SNP,SNP,SNP,SNP,SNP,SNP,SNP,SNP,SNP,SNP,SNP,SNP,SNP,SNP,SNP,SNP,SNP,SNP,SNP,SNP,SNP,SNP,SNP,SNP,SNP,SNP,SNP,SNP,SNP
*35	A,C,A,A,C,G,A,T,G,T,C,A,G,T,C,C,G,C,C,A,C,C,T,C,C,T,C,A,C,T,G,A,C,G	CYP2B6	chr19	35	40991223,40991366,40991368,40991380,40991387,40991389,40991390,40991440,41004014,41004124,41004157,41004302,41004376,41004380,41004405,41006918,41006922,41006935,41007012,41009349,41009357,41010005,41010087,41012315,41012338,41012464,41012692,41012802,41016725,41016809,41006967,41016777,41016804,41010107,41012739	40991224,40991367,40991369,40991381,40991388,40991390,40991391,40991441,41004015,41004125,41004158,41004303,41004377,41004381,41004406,41006919,41006923,41006936,41007013,41009350,41009358,41010006,41010088,41012316,41012339,41012465,41012693,41012803,41016726,41016810,41006968,41016778,41016805,41010108,41012740	g.40991224T>C,g.40991367A>T,g.40991369C>T,g.40991381A>T,g.40991388A>G,g.40991390C>A/T,g.40991391G>C,g.40991441A>G,g.41004015T>A,g.41004125G>A,g.41004158G>T,g.41004303T>C,g.41004377A>G,g.41004381G>A,g.41004406G>A/C/T,g.41006919C>G,g.41006923C>T,g.41006936G>T,g.41007013T>C,g.41009350C>A,g.41009358A>G,g.41010006G>T/A/C,g.41010088C>G/T,g.41012316T>C,g.41012339C>T,g.41012465C>T,g.41012693T>A,g.41012803C>A,g.41016726A>G,g.41016810C>A;g.41016810C>T,g.41006968T>G,g.41016778G>A,g.41016805A>T,g.41010108C>A,g.41012740G>A	rs34223104,rs34883432,rs8192709,rs33973337,rs33980385,rs33926104,rs34284776,rs35303484,rs281864907,rs36060847,rs186335453,rs139801276,rs12721655,rs35773040,rs145884402,rs3826711,rs36056539,rs3745274,rs36079186,rs45482602,rs2279343,rs139029625,rs34698757,rs28399499,rs34826503,rs34097093,rs35979566,rs35010098,rs3211369,rs3211371,,,,rs193922917,rs193922918	SNP,SNP,SNP,SNP,SNP,SNP,SNP,SNP,SNP,SNP,SNP,SNP,SNP,SNP,SNP,SNP,SNP,SNP,SNP,SNP,SNP,SNP,SNP,SNP,SNP,SNP,SNP,SNP,SNP,SNP,SNP,SNP,SNP,SNP,SNP
*36	A,C,A,A,C,G,A,T,G,G,T,A,G,G,C,C,T,T,C,G,G,C,T,C,C,T,C,A,C,T,G,A,C,G	CYP2B6	chr19	35	40991223,40991366,40991368,40991380,40991387,40991389,40991390,40991440,41004014,41004124,41004157,41004302,41004376,41004380,41004405,41006918,41006922,41006935,41007012,41009349,41009357,41010005,41010087,41012315,41012338,41012464,41012692,41012802,41016725,41016809,41006967,41016777,41016804,41010107,41012739	40991224,40991367,40991369,40991381,40991388,40991390,40991391,40991441,41004015,41004125,41004158,41004303,41004377,41004381,41004406,41006919,41006923,41006936,41007013,41009350,41009358,41010006,41010088,41012316,41012339,41012465,41012693,41012803,41016726,41016810,41006968,41016778,41016805,41010108,41012740	g.40991224T>C,g.40991367A>T,g.40991369C>T,g.40991381A>T,g.40991388A>G,g.40991390C>A/T,g.40991391G>C,g.40991441A>G,g.41004015T>A,g.41004125G>A,g.41004158G>T,g.41004303T>C,g.41004377A>G,g.41004381G>A,g.41004406G>A/C/T,g.41006919C>G,g.41006923C>T,g.41006936G>T,g.41007013T>C,g.41009350C>A,g.41009358A>G,g.41010006G>T/A/C,g.41010088C>G/T,g.41012316T>C,g.41012339C>T,g.41012465C>T,g.41012693T>A,g.41012803C>A,g.41016726A>G,g.41016810C>A;g.41016810C>T,g.41006968T>G,g.41016778G>A,g.41016805A>T,g.41010108C>A,g.41012740G>A	rs34223104,rs34883432,rs8192709,rs33973337,rs33980385,rs33926104,rs34284776,rs35303484,rs281864907,rs36060847,rs186335453,rs139801276,rs12721655,rs35773040,rs145884402,rs3826711,rs36056539,rs3745274,rs36079186,rs45482602,rs2279343,rs139029625,rs34698757,rs28399499,rs34826503,rs34097093,rs35979566,rs35010098,rs3211369,rs3211371,,,,rs193922917,rs193922918	SNP,SNP,SNP,SNP,SNP,SNP,SNP,SNP,SNP,SNP,SNP,SNP,SNP,SNP,SNP,SNP,SNP,SNP,SNP,SNP,SNP,SNP,SNP,SNP,SNP,SNP,SNP,SNP,SNP,SNP,SNP,SNP,SNP,SNP,SNP
*37	A,C,A,A,C,G,A,T,G,G,T,A,G,G,C,C,T,T,C,G,G,C,T,C,C,T,C,A,C,G,G,A,C,G	CYP2B6	chr19	35	40991223,40991366,40991368,40991380,40991387,40991389,40991390,40991440,41004014,41004124,41004157,41004302,41004376,41004380,41004405,41006918,41006922,41006935,41007012,41009349,41009357,41010005,41010087,41012315,41012338,41012464,41012692,41012802,41016725,41016809,41006967,41016777,41016804,41010107,41012739	40991224,40991367,40991369,40991381,40991388,40991390,40991391,40991441,41004015,41004125,41004158,41004303,41004377,41004381,41004406,41006919,41006923,41006936,41007013,41009350,41009358,41010006,41010088,41012316,41012339,41012465,41012693,41012803,41016726,41016810,41006968,41016778,41016805,41010108,41012740	g.40991224T>C,g.40991367A>T,g.40991369C>T,g.40991381A>T,g.40991388A>G,g.40991390C>A/T,g.40991391G>C,g.40991441A>G,g.41004015T>A,g.41004125G>A,g.41004158G>T,g.41004303T>C,g.41004377A>G,g.41004381G>A,g.41004406G>A/C/T,g.41006919C>G,g.41006923C>T,g.41006936G>T,g.41007013T>C,g.41009350C>A,g.41009358A>G,g.41010006G>T/A/C,g.41010088C>G/T,g.41012316T>C,g.41012339C>T,g.41012465C>T,g.41012693T>A,g.41012803C>A,g.41016726A>G,g.41016810C>A;g.41016810C>T,g.41006968T>G,g.41016778G>A,g.41016805A>T,g.41010108C>A,g.41012740G>A	rs34223104,rs34883432,rs8192709,rs33973337,rs33980385,rs33926104,rs34284776,rs35303484,rs281864907,rs36060847,rs186335453,rs139801276,rs12721655,rs35773040,rs145884402,rs3826711,rs36056539,rs3745274,rs36079186,rs45482602,rs2279343,rs139029625,rs34698757,rs28399499,rs34826503,rs34097093,rs35979566,rs35010098,rs3211369,rs3211371,,,,rs193922917,rs193922918	SNP,SNP,SNP,SNP,SNP,SNP,SNP,SNP,SNP,SNP,SNP,SNP,SNP,SNP,SNP,SNP,SNP,SNP,SNP,SNP,SNP,SNP,SNP,SNP,SNP,SNP,SNP,SNP,SNP,SNP,SNP,SNP,SNP,SNP,SNP
*38	A,C,A,A,C,G,A,A,G,G,T,A,G,G,C,C,T,T,C,G,G,C,T,C,C,T,C,A,C,T,G,A,C,G	CYP2B6	chr19	35	40991223,40991366,40991368,40991380,40991387,40991389,40991390,40991440,41004014,41004124,41004157,41004302,41004376,41004380,41004405,41006918,41006922,41006935,41007012,41009349,41009357,41010005,41010087,41012315,41012338,41012464,41012692,41012802,41016725,41016809,41006967,41016777,41016804,41010107,41012739	40991224,40991367,40991369,40991381,40991388,40991390,40991391,40991441,41004015,41004125,41004158,41004303,41004377,41004381,41004406,41006919,41006923,41006936,41007013,41009350,41009358,41010006,41010088,41012316,41012339,41012465,41012693,41012803,41016726,41016810,41006968,41016778,41016805,41010108,41012740	g.40991224T>C,g.40991367A>T,g.40991369C>T,g.40991381A>T,g.40991388A>G,g.40991390C>A/T,g.40991391G>C,g.40991441A>G,g.41004015T>A,g.41004125G>A,g.41004158G>T,g.41004303T>C,g.41004377A>G,g.41004381G>A,g.41004406G>A/C/T,g.41006919C>G,g.41006923C>T,g.41006936G>T,g.41007013T>C,g.41009350C>A,g.41009358A>G,g.41010006G>T/A/C,g.41010088C>G/T,g.41012316T>C,g.41012339C>T,g.41012465C>T,g.41012693T>A,g.41012803C>A,g.41016726A>G,g.41016810C>A;g.41016810C>T,g.41006968T>G,g.41016778G>A,g.41016805A>T,g.41010108C>A,g.41012740G>A	rs34223104,rs34883432,rs8192709,rs33973337,rs33980385,rs33926104,rs34284776,rs35303484,rs281864907,rs36060847,rs186335453,rs139801276,rs12721655,rs35773040,rs145884402,rs3826711,rs36056539,rs3745274,rs36079186,rs45482602,rs2279343,rs139029625,rs34698757,rs28399499,rs34826503,rs34097093,rs35979566,rs35010098,rs3211369,rs3211371,,,,rs193922917,rs193922918	SNP,SNP,SNP,SNP,SNP,SNP,SNP,SNP,SNP,SNP,SNP,SNP,SNP,SNP,SNP,SNP,SNP,SNP,SNP,SNP,SNP,SNP,SNP,SNP,SNP,SNP,SNP,SNP,SNP,SNP,SNP,SNP,SNP,SNP,SNP
